tt0012349	The Kid	1921	68	Comedy,Drama,Family	nm0000122
tt0021749	City Lights	1931	87	Comedy,Drama,Romance	nm0000122
tt0027977	Modern Times	1936	87	Comedy,Drama,Family	nm0000122
tt0032910	Pinocchio	1940	88	Animation,Comedy,Family	nm0373429
tt0032976	Rebecca	1940	130	Drama,Mystery,Romance	nm0000033
tt0033467	Citizen Kane	1941	119	Drama,Mystery	nm0000080
tt0034492	Bambi	1942	70	Animation,Drama,Family	nm0314671
tt0038650	It's a Wonderful Life	1946	130	Drama,Family,Fantasy	nm0001008
tt0040746	Rope	1948	80	Crime,Drama,Mystery	nm0000033
tt0041959	The Third Man	1949	104	Film-Noir,Mystery,Thriller	nm0715346
tt0042192	All About Eve	1950	138	Drama	nm0000581
tt0045152	Singin' in the Rain	1952	103	Comedy,Musical,Romance	nm0002045
tt0047296	On the Waterfront	1954	108	Crime,Drama,Thriller	nm0001415
tt0047478	Shichinin no samurai	1954	207	Action,Adventure,Drama	nm0000041
tt0050212	The Bridge on the River Kwai	1957	161	Adventure,Drama,War	nm0000180
tt0052618	Ben-Hur	1959	212	Adventure,Drama,History	nm0943758
tt0053604	The Apartment	1960	125	Comedy,Drama,Romance	nm0000697
tt0054215	Psycho	1960	109	Horror,Mystery,Thriller	nm0000033
tt0056172	Lawrence of Arabia	1962	228	Adventure,Biography,Drama	nm0000180
tt0056801	8½	1963	138	Drama	nm0000019
tt0056869	The Birds	1963	119	Drama,Horror,Mystery	nm0000033
tt0057012	Dr. Strangelove or: How I Learned to Stop Worrying and Love the Bomb	1964	95	Comedy	nm0000040
tt0057076	From Russia with Love	1963	115	Action,Adventure,Thriller	nm0950109
tt0057115	The Great Escape	1963	172	Adventure,Drama,History	nm0836328
tt0058150	Goldfinger	1964	110	Action,Adventure,Thriller	nm0357891
tt0059742	The Sound of Music	1965	172	Biography,Drama,Family	nm0936404
tt0060196	Il buono, il brutto, il cattivo	1966	161	Western	nm0001466
tt0061418	Bonnie and Clyde	1967	111	Action,Biography,Crime	nm0671957
tt0061512	Cool Hand Luke	1967	127	Crime,Drama	nm0742341
tt0062622	2001: A Space Odyssey	1968	149	Adventure,Sci-Fi	nm0000040
tt0066999	Dirty Harry	1971	102	Action,Crime,Thriller	nm0796923
tt0067992	Willy Wonka & the Chocolate Factory	1971	100	Family,Fantasy,Musical	nm0835799
tt0068646	The Godfather	1972	175	Crime,Drama	nm0000338
tt0070047	The Exorcist	1973	122	Horror	nm0001243
tt0070511	Papillon	1973	151	Biography,Crime,Drama	nm0769874
tt0070666	Serpico	1973	130	Biography,Crime,Drama	nm0001486
tt0070735	The Sting	1973	129	Comedy,Crime,Drama	nm0001351
tt0071230	Blazing Saddles	1974	93	Comedy,Western	nm0000316
tt0071562	The Godfather: Part II	1974	202	Crime,Drama	nm0000338
tt0071853	Monty Python and the Holy Grail	1975	91	Adventure,Comedy,Fantasy	nm0001402
tt0073195	Jaws	1975	124	Adventure,Thriller	nm0000229
tt0073629	The Rocky Horror Picture Show	1975	100	Comedy,Musical	nm0788940
tt0074119	All the President's Men	1976	138	Biography,Drama,History	nm0001587
tt0074958	Network	1976	121	Drama	nm0001486
tt0075686	Annie Hall	1977	93	Comedy,Romance	nm0000095
tt0076759	Star Wars	1977	121	Action,Adventure,Fantasy	nm0000184
tt0077651	Halloween	1978	91	Horror,Thriller	nm0000118
tt0078788	Apocalypse Now	1979	147	Drama,Mystery,War	nm0000338
tt0079470	Life of Brian	1979	94	Comedy	nm0001402
tt0079817	Rocky II	1979	119	Drama,Sport	nm0000230
tt0080339	Airplane!	1980	88	Comedy	nm0000720
tt0080487	Caddyshack	1980	98	Comedy,Sport	nm0000601
tt0080678	The Elephant Man	1980	124	Biography,Drama	nm0000186
tt0080761	Friday the 13th	1980	95	Horror,Mystery,Thriller	nm0192446
tt0081505	The Shining	1980	146	Drama,Horror	nm0000040
tt0082340	Escape from New York	1981	99	Action,Adventure,Sci-Fi	nm0000118
tt0083866	E.T. the Extra-Terrestrial	1982	115	Family,Sci-Fi	nm0000229
tt0083907	The Evil Dead	1981	85	Horror	nm0000600
tt0084516	Poltergeist	1982	114	Horror,Thriller	nm0001361
tt0084602	Rocky III	1982	99	Drama,Sport	nm0000230
tt0084827	TRON	1982	96	Action,Adventure,Sci-Fi	nm0513974
tt0085334	A Christmas Story	1983	94	Comedy,Family	nm0163706
tt0086879	Amadeus	1984	160	Biography,Drama,History	nm0001232
tt0086960	Beverly Hills Cop	1984	105	Action,Comedy,Crime	nm0000976
tt0087363	Gremlins	1984	106	Comedy,Fantasy,Horror	nm0001102
tt0087538	The Karate Kid	1984	126	Action,Drama,Family	nm0000814
tt0087544	Kaze no tani no Naushika	1984	117	Adventure,Animation,Fantasy	nm0594503
tt0087843	Once Upon a Time in America	1984	229	Crime,Drama	nm0001466
tt0088247	The Terminator	1984	107	Action,Sci-Fi	nm0000116
tt0088323	Die unendliche Geschichte	1984	102	Adventure,Drama,Family	nm0000583
tt0088944	Commando	1985	90	Action,Adventure,Thriller	nm0504495
tt0089881	Ran	1985	162	Action,Drama,War	nm0000041
tt0089927	Rocky IV	1985	91	Drama,Sport	nm0000230
tt0090728	Big Trouble in Little China	1986	99	Action,Adventure,Comedy	nm0000118
tt0091042	Ferris Bueller's Day Off	1986	103	Comedy	nm0000455
tt0091369	Labyrinth	1986	101	Adventure,Family,Fantasy	nm0001345
tt0092067	Tenkû no shiro Rapyuta	1986	125	Adventure,Animation,Drama	nm0594503
tt0092890	Dirty Dancing	1987	100	Drama,Music,Romance	nm0001915
tt0092991	Evil Dead II	1987	84	Action,Comedy,Fantasy	nm0000600
tt0093105	Good Morning, Vietnam	1987	121	Biography,Comedy,Drama	nm0001469
tt0093177	Hellraiser	1987	94	Horror,Thriller	nm0000850
tt0093409	Lethal Weapon	1987	109	Action,Crime,Thriller	nm0001149
tt0093748	Planes, Trains and Automobiles	1987	93	Comedy,Drama	nm0000455
tt0093894	The Running Man	1987	101	Action,Sci-Fi,Thriller	nm0001274
tt0094625	Akira	1988	124	Action,Animation,Sci-Fi	nm0960028
tt0095016	Die Hard	1988	132	Action,Thriller	nm0001532
tt0096256	They Live	1988	94	Action,Horror,Sci-Fi	nm0000118
tt0096283	Tonari no Totoro	1988	86	Animation,Family,Fantasy	nm0594503
tt0096320	Twins	1988	107	Comedy,Crime	nm0718645
tt0096438	Who Framed Roger Rabbit	1988	104	Adventure,Animation,Comedy	nm0931530
tt0096754	The Abyss	1989	171	Adventure,Drama,Mystery	nm0000116
tt0096874	Back to the Future Part II	1989	108	Adventure,Comedy,Sci-Fi	nm0000709
tt0097165	Dead Poets Society	1989	128	Comedy,Drama	nm0001837
tt0097428	Ghostbusters II	1989	108	Action,Comedy,Fantasy	nm0718645
tt0097441	Glory	1989	122	Biography,Drama,History	nm0001880
tt0097523	Honey, I Shrunk the Kids	1989	93	Adventure,Comedy,Family	nm0002653
tt0097733	Lethal Weapon 2	1989	114	Action,Crime,Thriller	nm0001149
tt0097757	The Little Mermaid	1989	83	Animation,Family,Fantasy	nm0615780
tt0097814	Majo no takkyûbin	1989	103	Adventure,Animation,Drama	nm0594503
tt0098635	When Harry Met Sally...	1989	95	Comedy,Drama,Romance	nm0001661
tt0098904	Seinfeld	1989	22	Comedy	nm0009953
tt0098936	Twin Peaks	1990	47	Crime,Drama,Mystery	nm0000186
tt0099077	Awakenings	1990	121	Biography,Drama	nm0001508
tt0099088	Back to the Future Part III	1990	118	Adventure,Comedy,Sci-Fi	nm0000709
tt0099487	Edward Scissorhands	1990	105	Drama,Fantasy,Romance	nm0000318
tt0099653	Ghost	1990	127	Drama,Fantasy,Romance	nm0958387
tt0099674	The Godfather: Part III	1990	162	Crime,Drama	nm0000338
tt0099785	Home Alone	1990	103	Comedy,Family	nm0001060
tt0099938	Kindergarten Cop	1990	111	Action,Comedy,Crime	nm0718645
tt0100157	Misery	1990	107	Drama,Thriller	nm0001661
tt0100403	Predator 2	1990	108	Action,Horror,Sci-Fi	nm0394280
tt0100802	Total Recall	1990	113	Action,Sci-Fi,Thriller	nm0000682
tt0101410	Barton Fink	1991	116	Comedy,Drama,Thriller	nm0001053
tt0101414	Beauty and the Beast	1991	84	Animation,Family,Fantasy	nm0873779
tt0101540	Cape Fear	1991	128	Crime,Thriller	nm0000217
tt0102510	The Naked Gun 2½: The Smell of Fear	1991	85	Comedy,Crime	nm0001878
tt0102685	Point Break	1991	122	Action,Crime,Thriller	nm0000941
tt0103064	Terminator 2: Judgment Day	1991	137	Action,Sci-Fi	nm0000116
tt0103074	Thelma & Louise	1991	130	Adventure,Crime,Drama	nm0000631
tt0103639	Aladdin	1992	90	Adventure,Animation,Comedy	nm0166256
tt0103776	Batman Returns	1992	126	Action,Crime,Fantasy	nm0000318
tt0103874	Dracula	1992	128	Horror	nm0000338
tt0104070	Death Becomes Her	1992	104	Comedy,Fantasy,Horror	nm0000709
tt0104431	Home Alone 2: Lost in New York	1992	120	Adventure,Comedy,Crime	nm0001060
tt0104691	The Last of the Mohicans	1992	112	Action,Adventure,Drama	nm0000520
tt0105236	Reservoir Dogs	1992	99	Crime,Drama,Thriller	nm0000233
tt0105323	Scent of a Woman	1992	156	Drama	nm0000976
tt0105793	Wayne's World	1992	94	Comedy,Music	nm0790715
tt0106179	The X Files	1993	45	Crime,Drama,Mystery	nm0004810
tt0106489	A Bronx Tale	1993	121	Crime,Drama,Romance	nm0000134
tt0106677	Dazed and Confused	1993	102	Comedy	nm0000500
tt0106697	Demolition Man	1993	115	Action,Sci-Fi,Thriller	nm0104193
tt0106977	The Fugitive	1993	130	Action,Crime,Drama	nm0001112
tt0107207	In the Name of the Father	1993	133	Biography,Drama	nm0006487
tt0107290	Jurassic Park	1993	127	Action,Adventure,Sci-Fi	nm0000229
tt0107362	Last Action Hero	1993	130	Action,Adventure,Comedy	nm0001532
tt0107614	Mrs. Doubtfire	1993	125	Comedy,Drama,Family	nm0001060
tt0107688	The Nightmare Before Christmas	1993	76	Animation,Family,Fantasy	nm0783139
tt0107818	Philadelphia	1993	125	Drama	nm0001129
tt0107977	Robin Hood: Men in Tights	1993	104	Adventure,Comedy,Musical	nm0000316
tt0108052	Schindler's List	1993	195	Biography,Drama,History	nm0000229
tt0108399	True Romance	1993	119	Crime,Drama,Romance	nm0001716
tt0108550	What's Eating Gilbert Grape	1993	118	Drama	nm0002120
tt0109830	Forrest Gump	1994	142	Drama,Romance	nm0000709
tt0109831	Four Weddings and a Funeral	1994	117	Comedy,Drama,Romance	nm0001565
tt0110322	Legends of the Fall	1994	133	Drama,Romance,War	nm0001880
tt0110413	Léon	1994	110	Action,Crime,Drama	nm0000108
tt0110478	Maverick	1994	127	Action,Adventure,Comedy	nm0001149
tt0110632	Natural Born Killers	1994	118	Action,Crime,Drama	nm0000231
tt0110912	Pulp Fiction	1994	154	Crime,Drama	nm0000233
tt0111257	Speed	1994	116	Action,Adventure,Thriller	nm0000957
tt0111282	Stargate	1994	116	Action,Adventure,Sci-Fi	nm0000386
tt0112384	Apollo 13	1995	140	Adventure,Drama,History	nm0000165
tt0112431	Babe	1995	91	Comedy,Drama,Family	nm0003088
tt0112471	Before Sunrise	1995	101	Drama,Romance	nm0000500
tt0112642	Casper	1995	100	Comedy,Family,Fantasy	nm0797869
tt0112697	Clueless	1995	97	Comedy,Romance	nm0002132
tt0112851	Desperado	1995	104	Action,Crime,Thriller	nm0001675
tt0113855	Mortal Kombat	1995	101	Action,Adventure,Fantasy	nm0027271
tt0114069	Outbreak	1995	127	Action,Drama,Thriller	nm0000583
tt0114148	Pocahontas	1995	81	Adventure,Animation,Drama	nm0300265
tt0114369	Se7en	1995	127	Crime,Drama,Mystery	nm0000399
tt0114388	Sense and Sensibility	1995	136	Drama,Romance	nm0000487
tt0114746	Twelve Monkeys	1995	129	Mystery,Sci-Fi,Thriller	nm0000416
tt0114814	The Usual Suspects	1995	106	Crime,Mystery,Thriller	nm0001741
tt0116483	Happy Gilmore	1996	92	Comedy,Sport	nm0240797
tt0116996	Mars Attacks!	1996	106	Comedy,Sci-Fi	nm0000318
tt0117060	Mission: Impossible	1996	110	Action,Adventure,Thriller	nm0000361
tt0117381	Primal Fear	1996	129	Crime,Drama,Mystery	nm0387706
tt0117438	Ransom	1996	121	Action,Crime,Thriller	nm0000165
tt0117509	Romeo + Juliet	1996	120	Drama,Romance	nm0525303
tt0117665	Sleepers	1996	147	Crime,Drama,Thriller	nm0001469
tt0117705	Space Jam	1996	88	Adventure,Animation,Comedy	nm0701592
tt0117951	Trainspotting	1996	93	Drama	nm0000965
tt0117998	Twister	1996	113	Action,Adventure,Thriller	nm0000957
tt0118617	Anastasia	1997	94	Adventure,Animation,Drama	nm0325776
tt0118715	The Big Lebowski	1998	117	Comedy,Crime,Sport	nm0001054
tt0118749	Boogie Nights	1997	155	Drama	nm0000759
tt0118880	Con Air	1997	115	Action,Crime,Thriller	nm0922346
tt0118971	The Devil's Advocate	1997	144	Drama,Mystery,Thriller	nm0000431
tt0119094	Face/Off	1997	138	Action,Crime,Sci-Fi	nm0000247
tt0119116	The Fifth Element	1997	126	Action,Adventure,Sci-Fi	nm0000108
tt0119174	The Game	1997	129	Action,Drama,Mystery	nm0000399
tt0119303	Home Alone 3	1997	102	Action,Comedy,Crime	nm0331532
tt0119395	The Jackal	1997	124	Action,Crime,Drama	nm0001994
tt0119396	Jackie Brown	1997	154	Crime,Drama,Thriller	nm0000233
tt0119567	The Lost World: Jurassic Park	1997	129	Action,Adventure,Sci-Fi	nm0000229
tt0119643	Meet Joe Black	1998	178	Drama,Fantasy,Romance	nm0000976
tt0119698	Mononoke-hime	1997	134	Adventure,Animation,Fantasy	nm0594503
tt0119738	My Best Friend's Wedding	1997	105	Comedy,Drama,Romance	nm0389591
tt0120347	Tomorrow Never Dies	1997	119	Action,Adventure,Thriller	nm0006854
tt0120623	A Bug's Life	1998	95	Adventure,Animation,Comedy	nm0004056
tt0120647	Deep Impact	1998	120	Action,Drama,Romance	nm0001460
tt0120655	Dogma	1999	130	Adventure,Comedy,Drama	nm0003620
tt0120663	Eyes Wide Shut	1999	159	Drama,Mystery,Thriller	nm0000040
tt0120667	Fantastic Four	2005	106	Action,Adventure,Fantasy	nm1103162
tt0120689	The Green Mile	1999	189	Crime,Drama,Fantasy	nm0001104
tt0120735	Lock, Stock and Two Smoking Barrels	1998	107	Action,Comedy,Crime	nm0005363
tt0120737	The Lord of the Rings: The Fellowship of the Ring	2001	178	Action,Adventure,Drama	nm0001392
tt0120762	Mulan	1998	88	Adventure,Animation,Family	nm0176905
tt0120783	The Parent Trap	1998	128	Adventure,Comedy,Drama	nm0583600
tt0120789	Pleasantville	1998	124	Comedy,Drama,Fantasy	nm0002657
tt0120804	Resident Evil	2002	100	Action,Horror,Sci-Fi	nm0027271
tt0120815	Saving Private Ryan	1998	169	Drama,War	nm0000229
tt0120890	Wild Things	1998	108	Crime,Drama,Mystery	nm0573796
tt0120902	The X Files	1998	121	Drama,Mystery,Sci-Fi	nm0101385
tt0120912	Men in Black II	2002	88	Action,Adventure,Comedy	nm0001756
tt0120917	The Emperor's New Groove	2000	78	Adventure,Animation,Comedy	nm0227540
tt0121164	Corpse Bride	2005	77	Animation,Drama,Family	nm0000318
tt0121765	Star Wars: Episode II - Attack of the Clones	2002	142	Action,Adventure,Fantasy	nm0000184
tt0125439	Notting Hill	1999	124	Comedy,Drama,Romance	nm0585011
tt0129167	The Iron Giant	1999	86	Action,Adventure,Animation	nm0083348
tt0133093	The Matrix	1999	136	Action,Sci-Fi	nm0905152
tt0133240	Treasure Planet	2002	95	Adventure,Animation,Family	nm0166256
tt0134847	Pitch Black	2000	109	Action,Horror,Sci-Fi	nm0878638
tt0137494	Entrapment	1999	113	Action,Crime,Romance	nm0000750
tt0138097	Shakespeare in Love	1998	123	Comedy,Drama,History	nm0006960
tt0138704	Pi	1998	84	Drama,Horror,Mystery	nm0004716
tt0139134	Cruel Intentions	1999	97	Drama,Romance	nm0474955
tt0142342	Big Daddy	1999	93	Comedy,Drama	nm0240797
tt0144117	The Boondock Saints	1999	108	Action,Crime,Thriller	nm0240627
tt0145487	Spider-Man	2002	121	Action,Adventure,Sci-Fi	nm0000600
tt0145660	Austin Powers: The Spy Who Shagged Me	1999	95	Action,Adventure,Comedy	nm0005366
tt0146882	High Fidelity	2000	113	Comedy,Drama,Music	nm0001241
tt0158983	South Park: Bigger, Longer & Uncut	1999	81	Animation,Comedy,Fantasy	nm0005295
tt0159097	The Virgin Suicides	1999	97	Drama,Romance	nm0001068
tt0159206	Sex and the City	1998	30	Comedy,Drama,Romance	nm0818785
tt0162222	Cast Away	2000	143	Adventure,Drama,Romance	nm0000709
tt0163025	Jurassic Park III	2001	92	Action,Adventure,Sci-Fi	nm0002653
tt0163651	American Pie	1999	95	Comedy	nm0919369
tt0163978	The Beach	2000	119	Adventure,Drama,Romance	nm0000965
tt0165598	That '70s Show	1998	22	Comedy,Romance	nm0400958
tt0167190	Hellboy	2004	122	Action,Fantasy,Horror	nm0868219
tt0167260	The Lord of the Rings: The Return of the King	2003	201	Action,Adventure,Drama	nm0001392
tt0167261	The Lord of the Rings: The Two Towers	2002	179	Action,Adventure,Drama	nm0001392
tt0167404	The Sixth Sense	1999	107	Drama,Mystery,Thriller	nm0796117
tt0168629	Dancer in the Dark	2000	140	Crime,Drama,Musical	nm0001885
tt0172493	Girl, Interrupted	1999	127	Biography,Drama	nm0003506
tt0177789	Galaxy Quest	1999	102	Adventure,Comedy,Sci-Fi	nm0661751
tt0180093	Requiem for a Dream	2000	102	Drama	nm0004716
tt0181852	Terminator 3: Rise of the Machines	2003	109	Action,Sci-Fi	nm0609236
tt0181865	Traffic	2000	147	Crime,Drama,Thriller	nm0001752
tt0181875	Almost Famous	2000	122	Adventure,Comedy,Drama	nm0001081
tt0182576	Family Guy	1999	22	Animation,Comedy	nm0585086
tt0182789	Bicentennial Man	1999	132	Comedy,Drama,Sci-Fi	nm0001060
tt0183505	Me, Myself & Irene	2000	116	Comedy	nm0268380
tt0184894	Shanghai Noon	2000	110	Action,Adventure,Comedy	nm0223359
tt0185937	The Blair Witch Project	1999	81	Horror,Mystery	nm0617130
tt0187393	The Patriot	2000	165	Action,Drama,History	nm0000386
tt0187738	Blade II	2002	117	Action,Fantasy,Horror	nm0868219
tt0195685	Erin Brockovich	2000	131	Biography,Drama	nm0001752
tt0195714	Final Destination	2000	98	Horror,Thriller	nm0939128
tt0198781	Monsters, Inc.	2001	92	Adventure,Animation,Comedy	nm0230032
tt0206634	Children of Men	2006	109	Adventure,Drama,Sci-Fi	nm0190859
tt0209144	Memento	2000	113	Mystery,Thriller	nm0634240
tt0212338	Meet the Parents	2000	108	Comedy,Romance	nm0005366
tt0212346	Miss Congeniality	2000	109	Action,Comedy,Crime	nm0677953
tt0212985	Hannibal	2001	131	Crime,Drama,Thriller	nm0000631
tt0213149	Pearl Harbor	2001	183	Action,Drama,History	nm0000881
tt0214341	Dragon Ball Z	1996	24	Action,Adventure,Animation	nm0632788
tt0217869	Unbreakable	2000	106	Drama,Mystery,Sci-Fi	nm0796117
tt0218967	The Family Man	2000	125	Comedy,Drama,Fantasy	nm0711840
tt0221027	Blow	2001	124	Biography,Crime,Drama	nm0001130
tt0223897	Pay It Forward	2000	123	Drama	nm0001460
tt0227445	The Score	2001	124	Action,Crime,Drama	nm0000568
tt0230011	Atlantis: The Lost Empire	2001	95	Action,Adventure,Animation	nm0873779
tt0230600	The Others	2001	101	Horror,Mystery,Thriller	nm0024622
tt0236493	The Mexican	2001	123	Adventure,Comedy,Crime	nm0893659
tt0240772	Ocean's Eleven	2001	116	Crime,Thriller	nm0001752
tt0241303	Chocolat	2000	121	Drama,Romance	nm0002120
tt0241527	Harry Potter and the Sorcerer's Stone	2001	152	Adventure,Family,Fantasy	nm0001060
tt0242423	Dude, Where's My Car?	2000	83	Comedy,Mystery,Sci-Fi	nm0500444
tt0242653	The Matrix Revolutions	2003	129	Action,Sci-Fi	nm0905154
tt0243155	Bridget Jones's Diary	2001	97	Comedy,Drama,Romance	nm0536632
tt0244244	Swordfish	2001	99	Action,Crime,Thriller	nm0784061
tt0245429	Sen to Chihiro no kamikakushi	2001	125	Adventure,Animation,Family	nm0594503
tt0247638	The Princess Diaries	2001	111	Comedy,Family,Romance	nm0005190
tt0248654	Six Feet Under	2001	55	Comedy,Drama	nm0050332
tt0251075	Evolution	2001	101	Comedy,Sci-Fi	nm0718645
tt0251127	How to Lose a Guy in 10 Days	2003	116	Comedy,Romance	nm0677953
tt0251160	John Q	2002	116	Crime,Drama,Thriller	nm0001024
tt0253556	Reign of Fire	2002	101	Action,Adventure,Fantasy	nm0101385
tt0256415	Sweet Home Alabama	2002	108	Comedy,Romance	nm0855035
tt0257044	Road to Perdition	2002	117	Crime,Drama,Thriller	nm0005222
tt0257076	S.W.A.T.	2003	117	Action,Adventure,Crime	nm0424800
tt0258000	Panic Room	2002	112	Crime,Drama,Thriller	nm0000399
tt0258463	The Bourne Identity	2002	119	Action,Mystery,Thriller	nm0510731
tt0259324	Ghost Rider	2007	110	Action,Fantasy,Thriller	nm0425756
tt0259711	Vanilla Sky	2001	136	Fantasy,Mystery,Romance	nm0001081
tt0263488	Jeepers Creepers	2001	90	Horror,Mystery	nm0759207
tt0265208	The Girl Next Door	2004	109	Comedy,Drama,Romance	nm0339004
tt0265459	One Hour Photo	2002	96	Drama,Thriller	nm0738796
tt0265666	The Royal Tenenbaums	2001	110	Comedy,Drama	nm0027572
tt0266308	Batoru rowaiaru	2000	114	Action,Adventure,Drama	nm0297935
tt0266543	Finding Nemo	2003	100	Adventure,Animation,Comedy	nm0004056
tt0268695	The Time Machine	2002	96	Action,Adventure,Sci-Fi	nm0920425
tt0268978	A Beautiful Mind	2001	135	Biography,Drama	nm0000165
tt0272152	K-PAX	2001	120	Drama,Mystery,Sci-Fi	nm0812200
tt0272338	Punch-Drunk Love	2002	95	Comedy,Drama,Romance	nm0000759
tt0274166	Johnny English	2003	89	Action,Adventure,Comedy	nm0398185
tt0276751	About a Boy	2002	101	Comedy,Drama,Romance	nm0919363
tt0276919	Dogville	2003	178	Crime,Drama	nm0001885
tt0277027	I Am Sam	2001	132	Drama	nm0625458
tt0277434	We Were Soldiers	2002	138	Action,Drama,History	nm0908824
tt0279600	Smallville	2001	60	Adventure,Drama,Romance	nm0587692
tt0280590	Mr. Deeds	2002	96	Comedy,Romance	nm0109359
tt0285331	24	2001	44	Action,Crime,Drama	nm0320987
tt0286106	Signs	2002	106	Drama,Mystery,Sci-Fi	nm0796117
tt0286499	Bend It Like Beckham	2002	112	Comedy,Drama,Romance	nm0149446
tt0286716	Hulk	2003	138	Action,Sci-Fi	nm0000487
tt0290334	X2	2003	134	Action,Adventure,Sci-Fi	nm0001741
tt0295297	Harry Potter and the Chamber of Secrets	2002	161	Adventure,Family,Fantasy	nm0001060
tt0295701	xXx	2002	124	Action,Adventure,Thriller	nm0003418
tt0298148	Shrek 2	2004	93	Adventure,Animation,Comedy	nm0038432
tt0299658	Chicago	2002	113	Comedy,Crime,Musical	nm0551128
tt0299977	Ying xiong	2002	120	Action,Adventure,History	nm0955443
tt0302886	Old School	2003	88	Comedy	nm0680846
tt0305357	Charlie's Angels: Full Throttle	2003	106	Action,Adventure,Comedy	nm0629334
tt0306047	Scary Movie 3	2003	84	Comedy,Horror	nm0001878
tt0307453	Shark Tale	2004	90	Adventure,Animation,Comedy	nm1224299
tt0307901	25th Hour	2002	135	Drama	nm0000490
tt0307987	Bad Santa	2003	92	Comedy,Crime,Drama	nm0959062
tt0308644	Finding Neverland	2004	106	Biography,Drama,Family	nm0286975
tt0309593	Final Destination 2	2003	90	Horror,Thriller	nm0254786
tt0309987	The Dreamers	2003	115	Drama,Romance	nm0000934
tt0311113	Master and Commander: The Far Side of the World	2003	138	Action,Adventure,Drama	nm0001837
tt0311429	The League of Extraordinary Gentlemen	2003	110	Action,Adventure,Fantasy	nm0635759
tt0312004	The Curse of the Were-Rabbit	2005	85	Adventure,Animation,Comedy	nm0101508
tt0314353	Tears of the Sun	2003	121	Action,Drama,Thriller	nm0298807
tt0315327	Bruce Almighty	2003	101	Comedy,Fantasy	nm0001723
tt0315733	21 Grams	2003	124	Crime,Drama,Thriller	nm0327944
tt0316654	Spider-Man 2	2004	127	Action,Adventure,Sci-Fi	nm0000600
tt0317198	Bridget Jones: The Edge of Reason	2004	108	Comedy,Drama,Romance	nm0452319
tt0317219	Cars	2006	117	Animation,Comedy,Family	nm0710020
tt0317248	Cidade de Deus	2002	130	Crime,Drama	nm0526199
tt0317919	Mission: Impossible III	2006	126	Action,Adventure,Thriller	nm0009190
tt0318627	Resident Evil: Apocalypse	2004	94	Action,Horror,Sci-Fi	nm0936838
tt0319343	Elf	2003	97	Comedy,Family,Fantasy	nm0269463
tt0320691	Underworld	2003	121	Action,Fantasy,Thriller	nm0936482
tt0322330	Freaky Friday	2003	97	Comedy,Family,Fantasy	nm0914132
tt0325703	Lara Croft Tomb Raider: The Cradle of Life	2003	117	Action,Adventure,Fantasy	nm0000957
tt0325805	Matchstick Men	2003	116	Comedy,Crime,Drama	nm0000631
tt0327056	Mystic River	2003	138	Crime,Drama,Mystery	nm0000142
tt0327554	Catwoman	2004	104	Action,Crime,Fantasy	nm0685759
tt0327597	Coraline	2009	100	Animation,Drama,Family	nm0783139
tt0327850	The Rundown	2003	104	Action,Adventure,Comedy	nm0000916
tt0328828	American Wedding	2003	96	Comedy	nm0245888
tt0330793	The Punisher	2004	124	Action,Crime,Drama	nm0378144
tt0332280	The Notebook	2004	123	Drama,Romance	nm0001024
tt0332379	The School of Rock	2003	109	Comedy,Music	nm0000500
tt0333766	Garden State	2004	102	Comedy,Drama,Romance	nm0103785
tt0337978	Live Free or Die Hard	2007	128	Action,Thriller	nm0936482
tt0338013	Eternal Sunshine of the Spotless Mind	2004	108	Drama,Romance,Sci-Fi	nm0327273
tt0338348	The Polar Express	2004	100	Adventure,Animation,Comedy	nm0000709
tt0338564	Mou gaan dou	2002	101	Action,Crime,Drama	nm0538320
tt0338751	The Aviator	2004	170	Biography,Drama	nm0000217
tt0343660	50 First Dates	2004	99	Comedy,Drama,Romance	nm0781842
tt0346491	Alexander	2004	175	Action,Biography,Drama	nm0000231
tt0348836	Gothika	2003	98	Horror,Mystery,Thriller	nm0440913
tt0351283	Madagascar	2005	86	Adventure,Animation,Comedy	nm0569891
tt0352248	Cinderella Man	2005	144	Biography,Drama,History	nm0000165
tt0353969	Salinui chueok	2003	131	Action,Crime,Drama	nm0094435
tt0356150	EuroTrip	2004	92	Comedy	nm0073688
tt0357413	Anchorman: The Legend of Ron Burgundy	2004	94	Comedy	nm0570912
tt0358082	Robots	2005	91	Adventure,Animation,Comedy	nm0757858
tt0359013	Blade: Trinity	2004	113	Action,Adventure,Fantasy	nm0333060
tt0360717	King Kong	2005	187	Action,Adventure,Drama	nm0001392
tt0361862	The Machinist	2004	101	Drama,Thriller	nm0026442
tt0362120	Scary Movie 4	2006	83	Comedy,Horror	nm0001878
tt0362227	The Terminal	2004	128	Comedy,Drama,Romance	nm0000229
tt0362270	The Life Aquatic with Steve Zissou	2004	119	Action,Adventure,Comedy	nm0027572
tt0363988	Secret Window	2004	96	Drama,Mystery,Thriller	nm0462895
tt0364569	Oldeuboi	2003	120	Action,Drama,Mystery	nm0661791
tt0364725	Dodgeball: A True Underdog Story	2004	92	Comedy,Sport	nm1098493
tt0365748	Shaun of the Dead	2004	99	Comedy,Horror	nm0942367
tt0365907	A Walk Among the Tombstones	2014	114	Action,Crime,Drama	nm0291082
tt0366551	Harold & Kumar Go to White Castle	2004	88	Adventure,Comedy	nm0500444
tt0366627	The Jacket	2005	103	Drama,Fantasy,Mystery	nm0562266
tt0367279	Arrested Development	2003	22	Comedy	nm0552092
tt0367882	Indiana Jones and the Kingdom of the Crystal Skull	2008	122	Action,Adventure	nm0000229
tt0367959	Hannibal Rising	2007	121	Adventure,Crime,Drama	nm0916424
tt0368008	The Manchurian Candidate	2004	129	Drama,Mystery,Sci-Fi	nm0001129
tt0368447	The Village	2004	108	Drama,Mystery,Thriller	nm0796117
tt0368891	National Treasure	2004	131	Action,Adventure,Mystery	nm0005509
tt0370263	AVP: Alien vs. Predator	2004	101	Action,Adventure,Horror	nm0027271
tt0371746	Iron Man	2008	126	Action,Adventure,Sci-Fi	nm0269463
tt0372784	Batman Begins	2005	140	Action,Adventure	nm0634240
tt0373469	Kiss Kiss Bang Bang	2005	103	Action,Comedy,Crime	nm0000948
tt0375063	Sideways	2004	127	Comedy,Drama,Romance	nm0668247
tt0375679	Crash	2004	112	Crime,Drama,Thriller	nm0353673
tt0376994	X-Men: The Last Stand	2006	104	Action,Adventure,Sci-Fi	nm0711840
tt0379786	Serenity	2005	119	Action,Adventure,Sci-Fi	nm0923736
tt0380510	The Lovely Bones	2009	135	Drama,Fantasy,Thriller	nm0001392
tt0381061	Casino Royale	2006	144	Action,Adventure,Thriller	nm0132709
tt0381707	White Chicks	2004	109	Comedy,Crime	nm0005540
tt0382932	Ratatouille	2007	111	Adventure,Animation,Comedy	nm0684342
tt0384537	Silent Hill	2006	125	Horror	nm0304521
tt0385002	Hooligans	2005	109	Crime,Drama,Sport	nm0591994
tt0386588	Hitch	2005	118	Comedy,Romance	nm0855035
tt0386676	The Office	2005	22	Comedy	nm0399737
tt0387199	Entourage	2004	28	Comedy,Drama	nm0420941
tt0388482	Transporter 2	2005	87	Action,Thriller	nm0504642
tt0391198	The Grudge	2004	91	Horror,Mystery,Thriller	nm1234345
tt0393109	Brick	2005	110	Action,Crime,Drama	nm0426059
tt0395169	Hotel Rwanda	2004	121	Biography,Drama,History	nm0313623
tt0396269	Wedding Crashers	2005	119	Comedy,Romance	nm0229694
tt0397101	The Skeleton Key	2005	104	Drama,Horror,Mystery	nm0812200
tt0398286	Tangled	2010	100	Adventure,Animation,Comedy	nm0397174
tt0399146	A History of Violence	2005	96	Drama,Thriller	nm0000343
tt0401729	John Carter	2012	132	Action,Adventure,Sci-Fi	nm0004056
tt0402022	Æon Flux	2005	93	Action,Adventure,Sci-Fi	nm0476201
tt0405159	Million Dollar Baby	2004	132	Drama,Sport	nm0000142
tt0405296	A Scanner Darkly	2006	100	Animation,Crime,Drama	nm0000500
tt0405422	The 40 Year Old Virgin	2005	116	Comedy,Romance	nm0031976
tt0405508	Rang De Basanti	2006	167	Comedy,Drama	nm1018493
tt0407304	War of the Worlds	2005	116	Adventure,Sci-Fi,Thriller	nm0000229
tt0408306	Munich	2005	164	Action,Drama,History	nm0000229
tt0409459	Watchmen	2009	162	Action,Drama,Mystery	nm0811583
tt0410297	The Lake House	2006	99	Drama,Fantasy,Romance	nm0002159
tt0410975	Desperate Housewives	2004	45	Comedy,Drama,Mystery	nm0343622
tt0411008	Lost	2004	44	Adventure,Drama,Fantasy	nm0003733
tt0411477	Hellboy II: The Golden Army	2008	120	Action,Adventure,Fantasy	nm0868219
tt0412142	House M.D.	2004	44	Drama,Mystery	nm0944981
tt0413267	Shrek the Third	2007	93	Adventure,Animation,Comedy	nm0401203
tt0413300	Spider-Man 3	2007	139	Action,Adventure,Sci-Fi	nm0000600
tt0413573	Grey's Anatomy	2005	41	Drama,Romance	nm0180085
tt0414387	Pride & Prejudice	2005	129	Drama,Romance	nm0942504
tt0414982	Final Destination 3	2006	93	Horror,Thriller	nm0939128
tt0415306	Talladega Nights: The Ballad of Ricky Bobby	2006	108	Comedy,Sport	nm0570912
tt0416320	Match Point	2005	124	Drama,Romance,Thriller	nm0000095
tt0417741	Harry Potter and the Half-Blood Prince	2009	153	Action,Adventure,Family	nm0946734
tt0418689	Flags of Our Fathers	2006	135	Action,Adventure,Drama	nm0000142
tt0418763	Jarhead	2005	125	Action,Biography,Drama	nm0005222
tt0419706	Doom	2005	105	Action,Horror,Sci-Fi	nm0005647
tt0420223	Stranger Than Fiction	2006	113	Comedy,Drama,Fantasy	nm0286975
tt0421073	Street Kings	2008	109	Action,Crime,Drama	nm0043742
tt0421239	Red Eye	2005	85	Thriller	nm0000127
tt0424095	Flushed Away	2006	85	Adventure,Animation,Comedy	nm0101047
tt0424136	Hard Candy	2005	104	Drama,Thriller	nm1720541
tt0424345	Clerks II	2006	97	Comedy	nm0003620
tt0425112	Hot Fuzz	2007	121	Action,Comedy,Mystery	nm0942367
tt0426931	August Rush	2007	114	Drama,Music	nm0792202
tt0429493	The A-Team	2010	117	Action,Adventure,Thriller	nm0138620
tt0430105	Four Brothers	2005	109	Action,Crime,Drama	nm0005436
tt0430357	Miami Vice	2006	132	Action,Crime,Thriller	nm0000520
tt0430922	Role Models	2008	99	Comedy	nm0906476
tt0431197	The Kingdom	2007	110	Action,Drama,Thriller	nm0000916
tt0432021	Resident Evil: Extinction	2007	94	Action,Horror,Sci-Fi	nm0611683
tt0435625	The Descent	2005	99	Adventure,Horror,Thriller	nm0551076
tt0438097	Ice Age: The Meltdown	2006	91	Adventure,Animation,Comedy	nm0757858
tt0440963	The Bourne Ultimatum	2007	115	Action,Mystery,Thriller	nm0339030
tt0441773	Kung Fu Panda	2008	92	Action,Adventure,Animation	nm0651706
tt0443274	Vantage Point	2008	90	Action,Crime,Drama	nm0871428
tt0443453	Borat: Cultural Learnings of America for Make Benefit Glorious Nation of Kazakhstan	2006	84	Comedy	nm0153078
tt0443649	10,000 BC	2008	109	Action,Adventure,Drama	nm0000386
tt0443680	The Assassination of Jesse James by the Coward Robert Ford	2007	160	Biography,Crime,Drama	nm0231596
tt0443706	Zodiac	2007	157	Crime,Drama,Mystery	nm0000399
tt0445922	Across the Universe	2007	133	Drama,Fantasy,History	nm0853380
tt0445934	Blades of Glory	2007	93	Comedy,Sport	nm0330347
tt0446029	Scott Pilgrim vs. the World	2010	112	Action,Comedy,Fantasy	nm0942367
tt0448011	Knowing	2009	121	Action,Drama,Mystery	nm0001639
tt0448115	Shazam!	2019	132	Action,Adventure,Comedy	nm2497546
tt0448134	Sunshine	2007	107	Sci-Fi,Thriller	nm0000965
tt0448694	Puss in Boots	2011	90	Adventure,Animation,Comedy	nm1844237
tt0449010	Eragon	2006	104	Action,Adventure,Family	nm0266777
tt0449059	Little Miss Sunshine	2006	101	Comedy,Drama	nm0206760
tt0449088	Pirates of the Caribbean: At World's End	2007	169	Action,Adventure,Fantasy	nm0893659
tt0450232	16 Blocks	2006	102	Action,Crime,Drama	nm0001149
tt0450259	Blood Diamond	2006	143	Adventure,Drama,Thriller	nm0001880
tt0451279	Wonder Woman	2017	141	Action,Adventure,Fantasy	nm0420941
tt0452608	Death Race	2008	105	Action,Sci-Fi,Thriller	nm0027271
tt0452623	Gone Baby Gone	2007	114	Crime,Drama,Mystery	nm0000255
tt0452694	The Time Traveler's Wife	2009	107	Drama,Fantasy,Romance	nm0777881
tt0454848	Inside Man	2006	129	Crime,Drama,Mystery	nm0000490
tt0454921	The Pursuit of Happyness	2006	117	Biography,Drama	nm0610831
tt0454945	She's the Man	2006	105	Comedy,Romance,Sport	nm0275698
tt0455407	The Crazies	2010	101	Horror,Thriller	nm0252135
tt0455824	Australia	2008	165	Adventure,Comedy,Drama	nm0525303
tt0455944	The Equalizer	2014	132	Action,Crime,Thriller	nm0298807
tt0457430	El laberinto del fauno	2006	118	Drama,Fantasy,War	nm0868219
tt0457939	The Holiday	2006	136	Comedy,Romance	nm0583600
tt0458352	The Devil Wears Prada	2006	109	Comedy,Drama	nm0291205
tt0460649	How I Met Your Mother	2005	22	Comedy,Romance	nm0296945
tt0460681	Supernatural	2005	44	Drama,Fantasy,Horror	nm0795288
tt0461770	Enchanted	2007	107	Animation,Comedy,Family	nm0510674
tt0462504	Rescue Dawn	2006	120	Action,Biography,Drama	nm0001348
tt0462538	The Simpsons Movie	2007	87	Adventure,Animation,Comedy	nm0798899
tt0463985	The Fast and the Furious: Tokyo Drift	2006	104	Action,Crime,Thriller	nm0510912
tt0464141	El orfanato	2007	105	Drama,Fantasy,Horror	nm1291105
tt0465538	Michael Clayton	2007	119	Crime,Drama,Mystery	nm0006904
tt0465602	Shoot 'Em Up	2007	86	Action,Thriller	nm0205157
tt0468492	Gwoemul	2006	120	Action,Drama,Horror	nm0094435
tt0469494	There Will Be Blood	2007	158	Drama	nm0000759
tt0470752	Ex Machina	2014	108	Drama,Sci-Fi,Thriller	nm0307497
tt0472033	9	2009	79	Action,Adventure,Animation	nm0009942
tt0472062	Charlie Wilson's War	2007	102	Biography,Comedy,Drama	nm0001566
tt0472399	The Mechanic	2011	93	Action,Crime,Thriller	nm0922346
tt0473075	Prince of Persia: The Sands of Time	2010	116	Action,Adventure,Fantasy	nm0001565
tt0475290	Hail, Caesar!	2016	106	Comedy,Drama,Music	nm0001053
tt0475784	Westworld	2016	62	Drama,Mystery,Sci-Fi	nm0131700
tt0477080	Unstoppable	2010	98	Action,Thriller	nm0001716
tt0477347	Night at the Museum	2006	108	Adventure,Comedy,Family	nm0506613
tt0477348	No Country for Old Men	2007	122	Crime,Drama,Thriller	nm0001053
tt0478311	Knocked Up	2007	129	Comedy,Romance	nm0031976
tt0479143	Rocky Balboa	2006	102	Action,Drama,Sport	nm0000230
tt0479952	Madagascar: Escape 2 Africa	2008	89	Adventure,Animation,Comedy	nm0201509
tt0480025	This Is England	2006	101	Crime,Drama	nm0276349
tt0480249	I Am Legend	2007	101	Action,Adventure,Drama	nm1349376
tt0481369	The Number 23	2007	98	Crime,Mystery,Thriller	nm0001708
tt0481536	Harold & Kumar Escape from Guantanamo Bay	2008	114	Adventure,Comedy	nm1375358
tt0482606	The Strangers	2008	86	Horror,Thriller	nm1052162
tt0485947	Mr. Nobody	2009	141	Drama,Fantasy,Romance	nm0233757
tt0486655	Stardust	2007	127	Adventure,Family,Fantasy	nm0891216
tt0489270	Saw III	2006	108	Horror,Mystery,Thriller	nm1135423
tt0493464	Wanted	2008	110	Action,Crime,Thriller	nm0067457
tt0496424	30 Rock	2006	22	Comedy	nm0579318
tt0496806	Ocean's Thirteen	2007	122	Action,Crime,Thriller	nm0001752
tt0497465	Vicky Cristina Barcelona	2008	96	Comedy,Drama,Romance	nm0000095
tt0758758	Into the Wild	2007	148	Adventure,Biography,Drama	nm0000576
tt0765010	Brothers	2009	105	Action,Drama,Thriller	nm0006487
tt0765443	Eastern Promises	2007	100	Action,Crime,Drama	nm0000343
tt0773262	Dexter	2006	53	Crime,Drama,Mystery	nm0327064
tt0780536	In Bruges	2008	107	Comedy,Crime,Drama	nm1732981
tt0780653	The Wolfman	2010	103	Drama,Fantasy,Horror	nm0002653
tt0783233	Atonement	2007	123	Drama,Mystery,Romance	nm0942504
tt0790724	Jack Reacher	2012	130	Action,Thriller	nm0003160
tt0795176	Planet Earth	2006	538	Documentary	nm0288144
tt0795368	Death at a Funeral	2007	90	Comedy	nm0000568
tt0795421	Mamma Mia!	2008	108	Comedy,Musical,Romance	nm1630273
tt0799949	Epic Movie	2007	86	Adventure,Comedy	nm0294997
tt0800080	The Incredible Hulk	2008	112	Action,Adventure,Sci-Fi	nm0504642
tt0800369	Thor	2011	115	Action,Adventure,Fantasy	nm0000110
tt0803096	Warcraft	2016	123	Action,Adventure,Fantasy	nm1512910
tt0804503	Mad Men	2007	47	Drama	nm1119645
tt0805564	Lars and the Real Girl	2007	106	Comedy,Drama,Romance	nm0318916
tt0814255	Percy Jackson & the Olympians: The Lightning Thief	2010	118	Adventure,Family,Fantasy	nm0001060
tt0814314	Seven Pounds	2008	123	Drama	nm0610831
tt0816442	The Book Thief	2013	131	Drama,War	nm1093053
tt0816692	Interstellar	2014	169	Adventure,Drama,Sci-Fi	nm0634240
tt0822832	Marley & Me	2008	111	Comedy,Drama,Family	nm0291205
tt0824747	Changeling	2008	141	Biography,Crime,Drama	nm0000142
tt0825232	The Bucket List	2007	97	Comedy,Drama	nm0001661
tt0830515	Quantum of Solace	2008	106	Action,Adventure,Thriller	nm0286975
tt0834001	Underworld: Rise of the Lycans	2009	92	Action,Fantasy,Thriller	nm0851281
tt0838221	The Darjeeling Limited	2007	91	Adventure,Comedy,Drama	nm0027572
tt0838283	Step Brothers	2008	98	Comedy	nm0570912
tt0840361	The Town	2010	125	Crime,Drama,Thriller	nm0000255
tt0848228	The Avengers	2012	143	Action,Adventure,Sci-Fi	nm0923736
tt0859163	The Mummy: Tomb of the Dragon Emperor	2008	112	Action,Adventure,Fantasy	nm0003418
tt0870984	Antichrist	2009	108	Drama,Horror	nm0001885
tt0878804	The Blind Side	2009	129	Biography,Drama,Sport	nm0359387
tt0884328	The Mist	2007	126	Horror,Sci-Fi,Thriller	nm0001104
tt0892791	Shrek Forever After	2010	93	Adventure,Animation,Comedy	nm0593610
tt0898266	The Big Bang Theory	2007	22	Comedy,Romance	nm0723597
tt0903747	Breaking Bad	2008	49	Crime,Drama,Thriller	nm0426059
tt0904208	Californication	2007	28	Comedy,Drama	nm1204568
tt0907657	Once	2007	86	Drama,Music,Romance	nm0138809
tt0918927	Doubt	2008	104	Drama,Mystery	nm0788234
tt0934814	Chuck	2007	43	Action,Comedy,Drama	nm0870295
tt0936501	Taken	2008	90	Action,Thriller	nm0603628
tt0938283	The Last Airbender	2010	103	Action,Adventure,Family	nm0796117
tt0944835	Salt	2010	100	Action,Thriller	nm0637518
tt0944947	Game of Thrones	2011	57	Action,Adventure,Drama	nm0851930
tt0947798	Black Swan	2010	108	Drama,Thriller	nm0004716
tt0947810	Green Zone	2010	115	Action,Drama,Thriller	nm0339030
tt0960144	You Don't Mess with the Zohan	2008	113	Comedy	nm0240797
tt0970179	Hugo	2011	126	Drama,Family,Fantasy	nm0000217
tt0970866	Little Fockers	2010	98	Comedy,Romance	nm0919369
tt0974661	17 Again	2009	102	Comedy,Drama,Fantasy	nm0824882
tt0978762	Mary and Max	2009	92	Animation,Comedy,Drama	nm0254178
tt0978764	Sucker Punch	2011	110	Action,Adventure,Fantasy	nm0811583
tt0983193	The Adventures of Tintin	2011	107	Action,Adventure,Animation	nm0000229
tt0985694	Machete	2010	105	Action,Crime,Thriller	nm0542450
tt0986263	Surrogates	2009	89	Action,Sci-Fi,Thriller	nm0609236
tt0989757	Dear John	2010	108	Drama,Romance,War	nm0002120
tt0993842	Hanna	2011	111	Action,Drama,Thriller	nm0942504
tt1000774	Sex and the City	2008	145	Comedy,Drama,Romance	nm0455078
tt1001526	Megamind	2010	95	Action,Animation,Comedy	nm0569891
tt1007029	The Iron Lady	2011	105	Biography,Drama	nm1630273
tt1010048	Slumdog Millionaire	2008	120	Drama,Romance	nm0000965
tt1013743	Knight and Day	2010	109	Action,Adventure,Comedy	nm0003506
tt1013753	Milk	2008	128	Biography,Drama	nm0001814
tt1014759	Alice in Wonderland	2010	108	Adventure,Family,Fantasy	nm0000318
tt1019452	A Serious Man	2009	106	Comedy,Drama	nm0001054
tt1022603	(500) Days of Summer	2009	95	Comedy,Drama,Romance	nm1989536
tt1028532	Hachi: A Dog's Tale	2009	93	Drama,Family	nm0002120
tt1033575	The Descendants	2011	115	Comedy,Drama	nm0668247
tt1034303	Defiance	2008	137	Action,Drama,History	nm0001880
tt1041829	The Proposal	2009	108	Comedy,Drama,Romance	nm0281945
tt1045658	Silver Linings Playbook	2012	122	Comedy,Drama,Romance	nm0751102
tt1046173	G.I. Joe: The Rise of Cobra	2009	118	Action,Adventure,Sci-Fi	nm0814085
tt1049413	Up	2009	96	Adventure,Animation,Comedy	nm0677037
tt1051906	The Invisible Man	2020	124	Horror,Mystery,Sci-Fi	nm1191481
tt1053424	Repo Men	2010	111	Action,Sci-Fi,Thriller	nm0764601
tt1058017	The Invention of Lying	2009	100	Comedy,Fantasy,Romance	nm2816668
tt1059786	Eagle Eye	2008	118	Action,Mystery,Thriller	nm0142286
tt1063669	Die Welle	2008	107	Drama,Thriller	nm0304541
tt1068680	Yes Man	2008	104	Comedy,Romance	nm0715636
tt1074638	Skyfall	2012	143	Action,Adventure,Thriller	nm0005222
tt1077258	Planet Terror	2007	105	Action,Adventure,Comedy	nm0001675
tt1077368	Dark Shadows	2012	113	Comedy,Fantasy,Horror	nm0000318
tt1078912	Night at the Museum: Battle of the Smithsonian	2009	105	Adventure,Comedy,Family	nm0506613
tt1078940	Couples Retreat	2009	113	Comedy	nm0082526
tt1080016	Ice Age: Dawn of the Dinosaurs	2009	94	Adventure,Animation,Comedy	nm0862211
tt1091191	Lone Survivor	2013	121	Action,Biography,Drama	nm0000916
tt1091722	Adventureland	2009	107	Comedy,Drama,Romance	nm0609549
tt1099212	Twilight	2008	122	Drama,Fantasy,Romance	nm0362566
tt1104001	Tron	2010	125	Action,Adventure,Sci-Fi	nm2676052
tt1114740	Paul Blart: Mall Cop	2009	91	Action,Comedy,Crime	nm0139867
tt1119644	Fringe	2008	46	Drama,Mystery,Sci-Fi	nm0592808
tt1119646	The Hangover	2009	100	Comedy	nm0680846
tt1120985	Blue Valentine	2010	112	Drama,Romance	nm0161834
tt1121931	Crank: High Voltage	2009	96	Action,Crime,Thriller	nm0962729
tt1124373	Sons of Anarchy	2008	45	Crime,Drama,Thriller	nm0394586
tt1125849	The Wrestler	2008	109	Drama,Sport	nm0004716
tt1132620	Män som hatar kvinnor	2009	152	Crime,Drama,Mystery	nm0649117
tt1133985	Green Lantern	2011	114	Action,Adventure,Sci-Fi	nm0132709
tt1139328	The Ghost Writer	2010	128	Drama,Mystery,Thriller	nm0000591
tt1142988	The Ugly Truth	2009	96	Comedy,Romance	nm0525659
tt1148204	Orphan	2009	123	Horror,Mystery,Thriller	nm1429471
tt1152836	Public Enemies	2009	140	Biography,Crime,Drama	nm0000520
tt1155056	I Love You, Man	2009	105	Comedy,Romance	nm0357453
tt1155076	The Karate Kid	2010	140	Action,Drama,Family	nm0958969
tt1174732	An Education	2009	100	Drama	nm0771054
tt1179034	From Paris with Love	2010	92	Action,Crime,Thriller	nm0603628
tt1179904	Paranormal Activity	2007	86	Horror,Mystery	nm2305431
tt1179933	10 Cloverfield Lane	2016	103	Action,Drama,Horror	nm0870469
tt1189340	The Lincoln Lawyer	2011	118	Crime,Drama,Thriller	nm1026778
tt1192628	Rango	2011	107	Adventure,Animation,Comedy	nm0893659
tt1193138	Up in the Air	2009	109	Comedy,Drama,Romance	nm0718646
tt1194173	The Bourne Legacy	2012	135	Action,Adventure,Thriller	nm0006904
tt1197624	Law Abiding Citizen	2009	109	Action,Crime,Drama	nm0336620
tt1201167	Funny People	2009	146	Comedy,Drama	nm0031976
tt1201607	Harry Potter and the Deathly Hallows: Part 2	2011	130	Adventure,Drama,Fantasy	nm0946734
tt1205489	Gran Torino	2008	116	Drama	nm0000142
tt1205537	Jack Ryan: Shadow Recruit	2014	105	Action,Drama,Thriller	nm0000110
tt1210166	Moneyball	2011	133	Biography,Drama,Sport	nm0587955
tt1210819	The Lone Ranger	2013	150	Action,Adventure,Western	nm0893659
tt1211837	Doctor Strange	2016	115	Action,Adventure,Fantasy	nm0220600
tt1213641	First Man	2018	141	Biography,Drama,History	nm3227090
tt1216475	Cars 2	2011	106	Adventure,Animation,Comedy	nm0506977
tt1217209	Brave	2012	93	Adventure,Animation,Comedy	nm0152312
tt1217613	Battle: Los Angeles	2011	116	Action,Sci-Fi	nm0509448
tt1219024	Castle	2009	43	Comedy,Crime,Drama	nm0855613
tt1219289	Limitless	2011	105	Sci-Fi,Thriller	nm1139726
tt1220719	Yip Man	2008	106	Action,Biography,Drama	nm0948159
tt1226229	Get Him to the Greek	2010	109	Comedy,Music	nm0831557
tt1228705	Iron Man 2	2010	124	Action,Adventure,Sci-Fi	nm0269463
tt1229238	Mission: Impossible - Ghost Protocol	2011	132	Action,Adventure,Thriller	nm0083348
tt1231587	Hot Tub Time Machine	2010	101	Comedy,Sci-Fi	nm0684336
tt1233227	Saw VI	2009	90	Horror,Mystery	nm0340436
tt1234548	The Men Who Stare at Goats	2009	94	Comedy,War	nm0381416
tt1234721	RoboCop	2014	117	Action,Crime,Sci-Fi	nm0655683
tt1235099	Lie to Me	2009	43	Crime,Drama,Mystery	nm0755261
tt1243957	The Tourist	2010	103	Action,Crime,Romance	nm0003697
tt1250777	Kick-Ass	2010	117	Action,Comedy,Crime	nm0891216
tt1255953	Incendies	2010	131	Drama,Mystery,War	nm0898288
tt1258197	Exam	2009	101	Mystery,Thriller	nm0371955
tt1259521	The Cabin in the Woods	2011	95	Horror	nm1206844
tt1259571	The Twilight Saga: New Moon	2009	130	Drama,Fantasy,Romance	nm0919363
tt1262416	Scream 4	2011	111	Horror,Mystery	nm0000127
tt1270797	Venom	2018	112	Action,Adventure,Sci-Fi	nm0281508
tt1270798	X: First Class	2011	131	Action,Adventure,Sci-Fi	nm0891216
tt1272878	2 Guns	2013	109	Action,Comedy,Crime	nm0466349
tt1276104	Looper	2012	113	Action,Drama,Sci-Fi	nm0426059
tt1285016	The Social Network	2010	120	Biography,Drama	nm0000399
tt1289401	Ghostbusters	2016	117	Action,Comedy,Fantasy	nm0082450
tt1291150	Teenage Mutant Ninja Turtles	2014	101	Action,Adventure,Comedy	nm0509448
tt1291584	Warrior	2011	140	Action,Drama,Sport	nm0640334
tt1302006	The Irishman	2019	209	Biography,Crime,Drama	nm0000217
tt1307068	Seeking a Friend for the End of the World	2012	101	Adventure,Comedy,Drama	nm1032521
tt1314655	Devil	2010	80	Horror,Mystery,Thriller	nm0235719
tt1318514	Rise of the Planet of the Apes	2011	105	Action,Drama,Sci-Fi	nm1012501
tt1320253	The Expendables	2010	103	Action,Adventure,Thriller	nm0000230
tt1323594	Despicable Me	2010	95	Animation,Comedy,Family	nm1853544
tt1324999	The Twilight Saga: Breaking Dawn - Part 1	2011	117	Adventure,Drama,Fantasy	nm0174374
tt1327773	The Butler	2013	132	Biography,Drama	nm0200005
tt1327801	Glee	2009	44	Comedy,Drama,Music	nm0007096
tt1334260	Never Let Me Go	2010	103	Drama,Romance,Sci-Fi	nm0738796
tt1340138	Terminator Genisys	2015	126	Action,Adventure,Sci-Fi	nm0851930
tt1343092	The Great Gatsby	2013	143	Drama,Romance	nm0525303
tt1345836	The Dark Knight Rises	2012	164	Action,Adventure	nm0634240
tt1351685	Jack the Giant Slayer	2013	114	Adventure,Fantasy	nm0001741
tt1355644	Passengers	2016	116	Drama,Romance,Sci-Fi	nm0878763
tt1365519	Tomb Raider	2018	119	Action,Adventure,Fantasy	nm1012385
tt1386588	The Other Guys	2010	107	Action,Comedy,Crime	nm0570912
tt1389137	We Bought a Zoo	2011	124	Comedy,Drama,Family	nm0001081
tt1390411	In the Heart of the Sea	2015	122	Action,Adventure,Biography	nm0000165
tt1392170	The Hunger Games	2012	142	Action,Adventure,Sci-Fi	nm0002657
tt1396484	It	2017	135	Horror	nm0615592
tt1398426	Straight Outta Compton	2015	147	Biography,Drama,History	nm0336620
tt1399103	Transformers: Dark of the Moon	2011	154	Action,Adventure,Sci-Fi	nm0000881
tt1401152	Unknown	2011	113	Action,Thriller	nm1429471
tt1403865	True Grit	2010	110	Drama,Western	nm0001053
tt1405406	The Vampire Diaries	2009	43	Drama,Fantasy,Horror	nm0272704
tt1408101	Star Trek Into Darkness	2013	132	Action,Adventure,Sci-Fi	nm0009190
tt1408253	Ride Along	2014	99	Action,Comedy,Crime	nm1103162
tt1411697	The Hangover Part II	2011	102	Comedy	nm0680846
tt1431045	Deadpool	2016	108	Action,Adventure,Comedy	nm1783265
tt1440129	Battleship	2012	131	Action,Adventure,Sci-Fi	nm0000916
tt1442437	Modern Family	2009	22	Comedy,Drama,Romance	nm1533705
tt1446192	Rise of the Guardians	2012	97	Action,Adventure,Animation	nm0709056
tt1448755	Killer Elite	2011	116	Action,Thriller	nm1834213
tt1454029	The Help	2011	146	Drama	nm0853238
tt1464540	I Am Number Four	2011	111	Action,Adventure,Sci-Fi	nm0142286
tt1465522	Tucker and Dale vs Evil	2010	89	Comedy,Horror	nm0185848
tt1474684	Luther	2010	60	Crime,Drama,Mystery	nm0668350
tt1475582	Sherlock	2010	88	Crime,Drama,Mystery	nm0317328
tt1477834	Aquaman	2018	143	Action,Adventure,Fantasy	nm1490123
tt1478338	Bridesmaids	2011	125	Comedy,Romance	nm0082450
tt1483013	Oblivion	2013	124	Action,Adventure,Sci-Fi	nm2676052
tt1485796	The Greatest Showman	2017	105	Biography,Drama,Musical	nm1243905
tt1488606	Triple Frontier	2019	125	Action,Adventure,Crime	nm1170855
tt1489889	Central Intelligence	2016	107	Action,Comedy,Crime	nm1098493
tt1496025	Underworld Awakening	2012	88	Action,Fantasy,Horror	nm0825407
tt1504320	The King's Speech	2010	118	Biography,Drama,History	nm0393799
tt1509767	The Three Musketeers	2011	110	Action,Adventure,Fantasy	nm0027271
tt1515091	Sherlock Holmes: A Game of Shadows	2011	129	Action,Adventure,Mystery	nm0005363
tt1517260	The Host	2013	125	Action,Adventure,Drama	nm0629272
tt1524137	Contraband	2012	109	Action,Crime,Drama	nm0466349
tt1528100	Exodus: Gods and Kings	2014	150	Action,Adventure,Drama	nm0000631
tt1542344	127 Hours	2010	94	Biography,Drama	nm0000965
tt1547234	Premium Rush	2012	91	Action,Crime,Thriller	nm0462895
tt1560747	The Master	2012	138	Drama	nm0000759
tt1567432	Teen Wolf	2011	41	Action,Drama,Fantasy	nm0995597
tt1568338	Man on a Ledge	2012	102	Action,Adventure,Crime	nm1300606
tt1568911	War Horse	2011	146	Action,Adventure,Drama	nm0000229
tt1570728	Crazy, Stupid, Love.	2011	118	Comedy,Drama,Romance	nm0275629
tt1578873	Pretty Little Liars	2010	44	Drama,Mystery,Romance	nm0118665
tt1583421	G.I. Joe: Retaliation	2013	110	Action,Adventure,Sci-Fi	nm0160840
tt1586680	Shameless	2011	46	Comedy,Drama	nm1242054
tt1588170	Ang-ma-reul bo-at-da	2010	144	Action,Crime,Drama	nm0453518
tt1590193	The Commuter	2018	104	Action,Mystery,Thriller	nm1429471
tt1591095	Insidious	2010	103	Horror,Mystery,Thriller	nm1490123
tt1596343	Fast Five	2011	130	Action,Adventure,Crime	nm0510912
tt1596350	This Means War	2012	103	Action,Comedy,Romance	nm0629334
tt1596365	The Woman in Black	2012	95	Drama,Fantasy,Horror	nm1220140
tt1599348	Safe House	2012	115	Action,Thriller	nm1174251
tt1600196	The Drop	2014	106	Crime,Drama,Thriller	nm1742427
tt1602613	Only God Forgives	2013	90	Action,Crime,Drama	nm0716347
tt1605630	American Reunion	2012	113	Comedy	nm1375358
tt1605783	Midnight in Paris	2011	96	Comedy,Fantasy,Romance	nm0000095
tt1615065	Savages	2012	131	Crime,Drama,Thriller	nm0000231
tt1616195	J. Edgar	2011	137	Biography,Drama,Romance	nm0000142
tt1623205	Oz the Great and Powerful	2013	130	Adventure,Family,Fantasy	nm0000600
tt1628033	Top Gear	2002	60	Adventure,Comedy,Reality-TV	nm1654324
tt1628841	Independence Day: Resurgence	2016	120	Action,Adventure,Sci-Fi	nm0000386
tt1632701	Suits	2011	44	Comedy,Drama	nm0568192
tt1636826	Project X	2012	88	Comedy	nm1294036
tt1637725	Ted	2012	106	Comedy	nm0532235
tt1638355	The Man from U.N.C.L.E.	2015	116	Action,Adventure,Comedy	nm0005363
tt1648190	The Dark Tower	2017	95	Action,Adventure,Fantasy	nm1064048
tt1650062	Super 8	2011	112	Action,Adventure,Sci-Fi	nm0009190
tt1650554	Kick-Ass 2	2013	103	Action,Comedy,Crime	nm0905592
tt1655441	The Age of Adaline	2015	112	Drama,Fantasy,Romance	nm1767218
tt1655442	The Artist	2011	100	Comedy,Drama,Romance	nm0371890
tt1673434	The Twilight Saga: Breaking Dawn - Part 2	2012	115	Adventure,Drama,Fantasy	nm0174374
tt1677720	Ready Player One	2018	140	Action,Adventure,Sci-Fi	nm0000229
tt1682180	Stoker	2013	99	Drama,Mystery,Thriller	nm0661791
tt1692486	Carnage	2011	80	Comedy,Drama	nm0000591
tt1700841	Sausage Party	2016	89	Adventure,Animation,Comedy	nm0862911
tt1706593	Chronicle	2012	89	Drama,Sci-Fi,Thriller	nm2503633
tt1706620	Snowpiercer	2013	126	Action,Drama,Sci-Fi	nm0094435
tt1707386	Les Misérables	2012	158	Drama,History,Musical	nm0393799
tt1723121	We're the Millers	2013	110	Comedy,Crime	nm1098493
tt1723811	Shame	2011	101	Drama	nm2588606
tt1735898	Snow White and the Huntsman	2012	127	Action,Adventure,Drama	nm2782185
tt1748122	Moonrise Kingdom	2012	94	Comedy,Drama,Romance	nm0027572
tt1758429	Spartacus: Gods of the Arena	2011	331	Action,Adventure,Biography	nm0414910
tt1758830	This Is 40	2012	134	Comedy,Romance	nm0031976
tt1764234	Killing Them Softly	2012	97	Crime,Drama,Thriller	nm0231596
tt1764651	The Expendables 2	2012	103	Action,Adventure,Thriller	nm0922346
tt1772341	Wreck-It Ralph	2012	101	Adventure,Animation,Comedy	nm0601781
tt1790809	Pirates of the Caribbean: Dead Men Tell No Tales	2017	129	Action,Adventure,Fantasy	nm1650283
tt1796960	Homeland	2011	55	Crime,Drama,Mystery	nm0322128
tt1800241	American Hustle	2013	138	Crime,Drama	nm0751102
tt1809398	Unbroken	2014	137	Action,Biography,Drama	nm0001401
tt1817273	The Place Beyond the Pines	2012	140	Crime,Drama,Thriller	nm0161834
tt1825683	Black Panther	2018	134	Action,Adventure,Sci-Fi	nm3363032
tt1826940	New Girl	2011	22	Comedy	nm0684336
tt1830617	Grimm	2011	45	Crime,Drama,Fantasy	nm0053157
tt1832382	Jodaeiye Nader az Simin	2011	123	Drama,Thriller	nm1410815
tt1854564	Percy Jackson: Sea of Monsters	2013	106	Adventure,Family,Fantasy	nm0294457
tt1855325	Resident Evil: Retribution	2012	95	Action,Horror,Sci-Fi	nm0027271
tt1856010	House of Cards	2013	51	Drama	nm0002083
tt1856101	Blade Runner 2049	2017	164	Action,Drama,Mystery	nm0898288
tt1860213	Dirty Grandpa	2016	102	Comedy	nm0563243
tt1860357	Deepwater Horizon	2016	107	Action,Drama,History	nm0000916
tt1862079	Safety Not Guaranteed	2012	86	Comedy,Drama,Romance	nm1119880
tt1870479	The Newsroom	2012	55	Drama	nm0590889
tt1877832	X-Men: Days of Future Past	2014	132	Action,Adventure,Sci-Fi	nm0001741
tt1904996	Parker	2013	118	Action,Crime,Thriller	nm0000431
tt1907668	Flight	2012	138	Drama,Thriller	nm0000709
tt1921064	Pompeii	2014	105	Action,Adventure,Drama	nm0027271
tt1922777	Sinister	2012	110	Horror,Mystery,Thriller	nm0220600
tt1924396	La migliore offerta	2013	131	Crime,Drama,Mystery	nm0868153
tt1924429	Trance	2013	101	Crime,Drama,Mystery	nm0000965
tt1935179	Mud	2012	130	Drama	nm2158772
tt1935859	Miss Peregrine's Home for Peculiar Children	2016	127	Adventure,Drama,Family	nm0000318
tt1939659	Carrie	2013	100	Drama,Horror	nm0005303
tt1951264	The Hunger Games: Catching Fire	2013	146	Action,Adventure,Mystery	nm1349376
tt1959490	Noah	2014	138	Action,Adventure,Drama	nm0004716
tt1959563	The Hitman's Bodyguard	2017	118	Action,Comedy,Crime	nm0400850
tt1964418	Tomorrowland	2015	130	Action,Adventure,Family	nm0083348
tt1972591	King Arthur: Legend of the Sword	2017	126	Action,Adventure,Drama	nm0005363
tt2004420	Neighbors	2014	97	Comedy	nm0831557
tt2024432	Identity Thief	2013	111	Comedy,Crime,Drama	nm1164861
tt2024469	Non-Stop	2014	106	Action,Thriller	nm1429471
tt2066051	Rocketman	2019	121	Biography,Drama,Music	nm0002077
tt2084970	The Imitation Game	2014	114	Biography,Drama,Thriller	nm0878763
tt2096672	Dumb and Dumber To	2014	109	Comedy	nm0268380
tt2096673	Inside Out	2015	95	Adventure,Animation,Comedy	nm0230032
tt2109248	Transformers: Age of Extinction	2014	165	Action,Adventure,Sci-Fi	nm0000881
tt2120120	Pixels	2015	105	Action,Comedy,Fantasy	nm0001060
tt2126355	San Andreas	2015	114	Action,Adventure,Thriller	nm0679031
tt2140373	Saving Mr. Banks	2013	125	Biography,Comedy,Drama	nm0359387
tt2179136	American Sniper	2014	133	Action,Biography,Drama	nm0000142
tt2184339	The Purge	2013	85	Horror,Thriller	nm0218621
tt2199571	Run All Night	2015	114	Action,Crime,Thriller	nm1429471
tt2203939	The Other Woman	2014	109	Comedy,Romance	nm0001024
tt2209764	Transcendence	2014	119	Action,Drama,Sci-Fi	nm0002892
tt2226417	Insidious: Chapter 2	2013	106	Horror,Mystery,Thriller	nm1490123
tt2231461	Rampage	2018	107	Action,Adventure,Sci-Fi	nm0679031
tt2234155	The Internship	2013	119	Comedy	nm0506613
tt2245084	Big Hero 6	2014	102	Action,Adventure,Animation	nm0930261
tt2250912	Spider-Man: Homecoming	2017	133	Action,Adventure,Sci-Fi	nm1218281
tt2261227	Altered Carbon	2018	60	Action,Drama,Sci-Fi	nm0003802
tt2267998	Gone Girl	2014	149	Drama,Mystery,Thriller	nm0000399
tt2277860	Finding Dory	2016	97	Adventure,Animation,Comedy	nm0004056
tt2283336	Men in Black: International	2019	114	Action,Adventure,Comedy	nm0336620
tt2283362	Jumanji: Welcome to the Jungle	2017	119	Action,Adventure,Comedy	nm0440458
tt2293640	Minions	2015	91	Adventure,Animation,Comedy	nm1853544
tt2294629	Frozen	2013	102	Adventure,Animation,Comedy	nm0118333
tt2301451	Ozymandias	2013	48	Crime,Drama,Thriller	nm0426059
tt2305051	Wild	2014	115	Biography,Drama	nm0885249
tt2306299	Vikings	2013	44	Action,Adventure,Drama	nm1012772
tt2310332	The Hobbit: The Battle of the Five Armies	2014	144	Adventure,Fantasy	nm0001392
tt2316204	Alien: Covenant	2017	122	Horror,Sci-Fi,Thriller	nm0000631
tt2316411	Enemy	2013	91	Drama,Mystery,Thriller	nm0898288
tt2322441	Fifty Shades of Grey	2015	125	Drama,Romance,Thriller	nm0853374
tt2333784	The Expendables 3	2014	126	Action,Adventure,Thriller	nm0400850
tt2345759	The Mummy	2017	111	Action,Adventure,Fantasy	nm0476064
tt2361509	The Intern	2015	121	Comedy,Drama	nm0583600
tt2369135	Need for Speed	2014	132	Action,Crime,Thriller	nm0915304
tt2372162	Orange Is the New Black	2013	59	Comedy,Crime,Drama	nm0002835
tt2380307	Coco	2017	105	Adventure,Animation,Family	nm2937122
tt2381111	Brooklyn	2015	117	Drama,Romance	nm1259871
tt2395427	Avengers: Age of Ultron	2015	141	Action,Adventure,Sci-Fi	nm0923736
tt2395695	Cosmos: A Spacetime Odyssey	2014	557	Documentary	nm0238668
tt2442560	Peaky Blinders	2013	60	Crime,Drama	nm1142073
tt2446042	Taken 3	2014	108	Action,Thriller	nm0576298
tt2488496	Star Wars: Episode VII - The Force Awakens	2015	138	Action,Adventure,Sci-Fi	nm0009190
tt2510894	Hotel Transylvania 2	2015	89	Animation,Comedy,Family	nm0850733
tt2527338	Star Wars: Episode IX - The Rise of Skywalker	2019	141	Action,Adventure,Fantasy	nm0009190
tt2543472	Wonder	2017	113	Drama,Family	nm0154716
tt2557478	Pacific Rim: Uprising	2018	111	Action,Adventure,Sci-Fi	nm0215299
tt2557490	A Million Ways to Die in the West	2014	116	Comedy,Western	nm0532235
tt2582496	Me and Earl and the Dying Girl	2015	105	Comedy,Drama	nm0004234
tt2582782	Hell or High Water	2016	102	Action,Crime,Drama	nm0533284
tt2582846	The Fault in Our Stars	2014	126	Drama,Romance	nm1837748
tt2628232	Penny Dreadful	2014	60	Drama,Fantasy,Horror	nm1291105
tt2660888	Star Trek Beyond	2016	122	Action,Adventure,Sci-Fi	nm0510912
tt2661044	The 100	2014	43	Drama,Mystery,Sci-Fi	nm0899485
tt2704998	Game Night	2018	100	Action,Comedy,Crime	nm0197855
tt2707408	Narcos	2015	49	Biography,Crime,Drama	nm0622897
tt2713180	Fury	2014	134	Action,Drama,War	nm0043742
tt2719848	Everest	2015	121	Action,Adventure,Biography	nm0466349
tt2771200	Beauty and the Beast	2017	129	Family,Fantasy,Musical	nm0174374
tt2798920	Annihilation	2018	115	Adventure,Drama,Horror	nm0307497
tt2802144	Kingsman: The Secret Service	2014	129	Action,Adventure,Comedy	nm0891216
tt2820852	Fast & Furious 7	2015	137	Action,Adventure,Thriller	nm1490123
tt2848292	Pitch Perfect 2	2015	115	Comedy,Music	nm0006969
tt2854926	Tag	2018	100	Action,Comedy	nm1762961
tt2861424	Rick and Morty	2013	23	Adventure,Animation,Comedy	nm5641748
tt2872718	Nightcrawler	2014	117	Crime,Drama,Thriller	nm0319659
tt2873282	Red Sparrow	2018	140	Action,Drama,Thriller	nm1349376
tt2908446	Insurgent	2015	119	Action,Adventure,Sci-Fi	nm0777881
tt2911666	John Wick	2014	101	Action,Crime,Thriller	nm0500610
tt2975578	The Purge: Anarchy	2014	103	Action,Adventure,Horror	nm0218621
tt2975590	Batman v Superman: Dawn of Justice	2016	152	Action,Adventure,Sci-Fi	nm0811583
tt3062096	Inferno	2016	121	Action,Adventure,Crime	nm0000165
tt3076658	Creed	2015	133	Drama,Sport	nm3363032
tt3079380	Spy	2015	120	Action,Comedy,Crime	nm0082450
tt3104988	Crazy Rich Asians	2018	120	Comedy,Drama,Romance	nm0160840
tt3170832	Room	2015	118	Drama,Thriller	nm1049433
tt3183660	Fantastic Beasts and Where to Find Them	2016	132	Adventure,Family,Fantasy	nm0946734
tt3235888	It Follows	2014	100	Horror,Mystery,Thriller	nm1379002
tt3263904	Sully	2016	96	Biography,Drama	nm0000142
tt3300542	London Has Fallen	2016	99	Action,Thriller	nm0619836
tt3316960	Still Alice	2014	101	Drama	nm0322144
tt3322940	Annabelle	2014	99	Horror,Mystery,Thriller	nm0502954
tt3371366	Transformers: The Last Knight	2017	154	Action,Adventure,Sci-Fi	nm0000881
tt3398228	BoJack Horseman	2014	25	Animation,Comedy,Drama	nm2441608
tt3416742	What We Do in the Shadows	2014	86	Comedy,Horror	nm0169806
tt3488710	The Walk	2015	123	Action,Adventure,Biography	nm0000709
tt3498820	Captain America: Civil War	2016	147	Action,Adventure,Sci-Fi	nm0751648
tt3521126	The Disaster Artist	2017	104	Biography,Comedy,Drama	nm0290556
tt3532216	American Made	2017	115	Action,Biography,Comedy	nm0510731
tt3553976	Captain Fantastic	2016	118	Comedy,Drama	nm0743671
tt3569230	Legend	2015	132	Biography,Crime,Drama	nm0001338
tt3606756	Incredibles 2	2018	118	Action,Adventure,Animation	nm0083348
tt3647998	Taboo	2017	59	Drama,Mystery,Thriller	nm0257775
tt3682448	Bridge of Spies	2015	142	Drama,History,Thriller	nm0000229
tt3731562	Kong: Skull Island	2017	118	Action,Adventure,Fantasy	nm3611349
tt3741700	Godzilla: King of the Monsters	2019	132	Action,Adventure,Fantasy	nm1002424
tt3749900	Gotham	2014	42	Action,Crime,Drama	nm0272704
tt3766354	The Equalizer 2	2018	121	Action,Crime,Thriller	nm0298807
tt3774114	Snowden	2016	134	Biography,Crime,Drama	nm0000231
tt3778644	Solo: A Star Wars Story	2018	135	Action,Adventure,Sci-Fi	nm0000165
tt3783958	La La Land	2016	128	Comedy,Drama,Music	nm3227090
tt3799694	The Nice Guys	2016	116	Action,Comedy,Crime	nm0000948
tt3829266	The Predator	2018	107	Action,Adventure,Sci-Fi	nm0000948
tt3890160	Baby Driver	2017	113	Action,Crime,Music	nm0942367
tt3967856	Okja	2017	120	Action,Adventure,Drama	nm0094435
tt4016454	Supergirl	2015	43	Action,Adventure,Drama	nm1168394
tt4034354	Swiss Army Man	2016	97	Comedy,Drama,Fantasy	nm3453283
tt4046784	Maze Runner: The Scorch Trials	2015	131	Action,Adventure,Sci-Fi	nm1226871
tt4062536	Green Room	2015	95	Horror,Music,Thriller	nm1099918
tt4116284	The Lego Batman Movie	2017	104	Action,Animation,Comedy	nm0003021
tt4154664	Captain Marvel	2019	123	Action,Adventure,Sci-Fi	nm1349818
tt4160708	Don't Breathe	2016	88	Crime,Horror,Thriller	nm1793079
tt4263482	The VVitch: A New-England Folktale	2015	92	Drama,Horror,Mystery	nm3211470
tt4283088	Battle of the Bastards	2016	60	Action,Adventure,Drama	nm0764601
tt4302938	Kubo and the Two Strings	2016	101	Action,Adventure,Animation	nm1325899
tt4438848	Neighbors 2: Sorority Rising	2016	92	Comedy	nm0831557
tt4500922	Maze Runner: The Death Cure	2018	143	Action,Adventure,Sci-Fi	nm1226871
tt4550098	Nocturnal Animals	2016	116	Drama,Thriller	nm1053530
tt4574334	Stranger Things	2016	51	Drama,Fantasy,Horror	nm1819973
tt4633694	Spider-Man: Into the Spider-Verse	2018	117	Action,Adventure,Animation	nm0745247
tt4776998	The Promise	2016	133	Action,Adventure,Drama	nm0313623
tt4779682	The Meg	2018	113	Action,Horror,Sci-Fi	nm0005509
tt4786824	The Crown	2016	58	Drama,History	nm2275000
tt4846340	Hidden Figures	2016	127	Biography,Drama,History	nm0577647
tt4881806	Jurassic World: Fallen Kingdom	2018	128	Action,Adventure,Sci-Fi	nm1291105
tt4912910	Mission: Impossible - Fallout	2018	147	Action,Adventure,Thriller	nm0003160
tt4975722	Moonlight	2016	111	Drama	nm1503575
tt5013056	Dunkirk	2017	106	Action,Drama,History	nm0634240
tt5027774	Three Billboards Outside Ebbing, Missouri	2017	115	Comedy,Crime,Drama	nm1732981
tt5052448	Get Out	2017	104	Horror,Mystery,Thriller	nm1443502
tt5052474	Sicario: Day of the Soldado	2018	122	Action,Adventure,Crime	nm1356588
tt5071412	Ozark	2017	60	Crime,Drama,Thriller	nm0475578
tt5104604	Isle of Dogs	2018	101	Adventure,Animation,Comedy	nm0027572
tt5109784	Mother!	2017	121	Drama,Horror,Mystery	nm0004716
tt5180504	The Witcher	2019	60	Action,Adventure,Fantasy	nm0839660
tt5290382	Mindhunter	2017	60	Crime,Drama,Thriller	nm0000399
tt5362988	Wind River	2017	107	Crime,Drama,Mystery	nm0792263
tt5420376	Riverdale	2017	45	Crime,Drama,Mystery	nm3286970
tt5442430	Life	2017	104	Horror,Sci-Fi,Thriller	nm1174251
tt5462602	The Big Sick	2017	120	Comedy,Drama,Romance	nm0795290
tt5580036	I, Tonya	2017	119	Biography,Comedy,Drama	nm0318916
tt5580390	The Shape of Water	2017	123	Adventure,Drama,Fantasy	nm0868219
tt5606664	Doctor Sleep	2019	152	Drama,Fantasy,Horror	nm1093039
tt5715874	The Killing of a Sacred Deer	2017	121	Drama,Horror,Mystery	nm0487166
tt5742374	You Were Never Really Here	2017	89	Crime,Drama,Mystery	nm0708903
tt5758778	Skyscraper	2018	102	Action,Adventure,Thriller	nm1098493
tt5813916	Dag II	2016	135	Action,Drama,War	nm3809021
tt5814060	The Nun	2018	96	Horror,Mystery,Thriller	nm2379028
tt5834204	The Handmaid's Tale	2017	60	Drama,Sci-Fi,Thriller	nm2197025
tt5884052	Pokémon: Detective Pikachu	2019	104	Action,Adventure,Comedy	nm1224299
tt6027908	A Knight of the Seven Kingdoms	2019	58	Action,Adventure,Drama	nm0638354
tt6027912	The Long Night	2019	82	Action,Adventure,Drama	nm0764601
tt6027914	The Last of the Starks	2019	78	Action,Adventure,Drama	nm0638354
tt6105098	The Lion King	2019	118	Adventure,Animation,Drama	nm0269463
tt6139732	Aladdin	2019	128	Adventure,Family,Fantasy	nm0005363
tt6266538	Vice	2018	132	Biography,Comedy,Drama	nm0570912
tt6294822	The Post	2017	116	Drama,Thriller	nm0000229
tt6320628	Spider-Man: Far from Home	2019	129	Action,Adventure,Sci-Fi	nm1218281
tt6412452	The Ballad of Buster Scruggs	2018	133	Comedy,Drama,Musical	nm0001053
tt6468322	La Casa de Papel	2017	70	Action,Crime,Mystery	nm2338464
tt6565702	Dark Phoenix	2019	113	Action,Adventure,Sci-Fi	nm1334526
tt6644200	A Quiet Place	2018	90	Drama,Horror,Sci-Fi	nm1024677
tt6751668	Gisaengchung	2019	132	Comedy,Drama,Thriller	nm0094435
tt6823368	Glass	2019	129	Drama,Sci-Fi,Thriller	nm0796117
tt7040874	A Simple Favor	2018	117	Comedy,Crime,Drama	nm0082450
tt7286456	Joker	2019	122	Crime,Drama,Thriller	nm0680846
tt7335184	You	2018	45	Crime,Drama,Romance	nm1719186
tt7349950	It Chapter Two	2019	169	Drama,Fantasy,Horror	nm0615592
tt7556122	The Old Guard	2020	125	Action,Adventure,Fantasy	nm0697656
tt7653254	Marriage Story	2019	137	Comedy,Drama,Romance	nm0000876
tt7713068	Birds of Prey: And the Fantabulous Emancipation of One Harley Quinn	2020	109	Action,Adventure,Crime	nm4014166
tt7959026	The Mule	2018	116	Crime,Drama,Thriller	nm0000142
tt7975244	Jumanji: The Next Level	2019	123	Action,Adventure,Comedy	nm0440458
tt8079248	Yesterday	2019	116	Comedy,Fantasy,Music	nm0000965
tt8106534	6 Underground	2019	128	Action,Thriller	nm0000881
tt8110330	Dil Bechara	2020	101	Comedy,Drama,Romance	nm2535507
tt8111088	The Mandalorian	2019	40	Action,Adventure,Sci-Fi	nm1396048
tt8404614	The Two Popes	2019	125	Biography,Comedy,Drama	nm0576987
tt8946378	Knives Out	2019	130	Comedy,Crime,Drama	nm0426059
tt9495224	Black Mirror: Bandersnatch	2018	90	Drama,Mystery,Sci-Fi	nm1720541
